Cites,Authors,Title,Year,Source,Publisher,ArticleURL,CitesURL,GSRank,QueryDate,Type,DOI,ISSN,CitationURL,Volume,Issue,StartPage,EndPage,ECC,CitesPerYear,CitesPerAuthor,AuthorCount,Age
82,"S Arya, SI Kim, Y Duwayri, LP Brewster, R Veeraswamy, A Salam, ...","Frailty increases the risk of 30-day mortality, morbidity, and failure to rescue after elective abdominal aortic aneurysm repair independent of age and comorbidities",2015,"Journal of vascular surgery","","","https://scholar.google.com/scholar?oi=bibs&hl=en&cites=16335483037767393454",1,"2019-05-15","Journal article","","","https://scholar.google.com/citations?view_op=view_citation&hl=en&user=Mt9YzaoAAAAJ&pagesize=100&citation_for_view=Mt9YzaoAAAAJ:pqnbT2bcN3wC",61,2,324,331,82,20.50,12,7,4
57,"LP Brewster, EM Brey, HP Greisler","Cardiovascular gene delivery: the good road is awaiting",2006,"Advanced drug delivery reviews","","","https://scholar.google.com/scholar?oi=bibs&hl=en&cites=16080678955540359799",2,"2019-05-15","Journal article","","","https://scholar.google.com/citations?view_op=view_citation&hl=en&user=Mt9YzaoAAAAJ&pagesize=100&citation_for_view=Mt9YzaoAAAAJ:u-x6o8ySG0sC",58,4,604,629,57,4.38,19,3,13
55,"LP Brewster, D Bufallino, A Ucuzian, HP Greisler","Growing a living blood vessel: insights for the second hundred years",2007,"Biomaterials","","","https://scholar.google.com/scholar?oi=bibs&hl=en&cites=3980972189464216557",3,"2019-05-15","Journal article","","","https://scholar.google.com/citations?view_op=view_citation&hl=en&user=Mt9YzaoAAAAJ&pagesize=100&citation_for_view=Mt9YzaoAAAAJ:u5HHmVD_uO8C",28,34,5028,5032,55,4.58,14,4,12
54,"VA Kumar, LP Brewster, JM Caves, EL Chaikof","Tissue engineering of blood vessels: functional requirements, progress, and future challenges",2011,"Cardiovascular engineering and technology","","","https://scholar.google.com/scholar?oi=bibs&hl=en&cites=17319890935659269534",4,"2019-05-15","Journal article","","","https://scholar.google.com/citations?view_op=view_citation&hl=en&user=Mt9YzaoAAAAJ&pagesize=100&citation_for_view=Mt9YzaoAAAAJ:R3hNpaxXUhUC",2,3,137,148,54,6.75,14,4,8
52,"LP Brewster, DA Risucci, RJ Joehl, FN Littooy, BK Temeck, PG Blair, ...","Comparison of resident self-assessments with trained faculty and standardized patient assessments of clinical and technical skills in a structured educational module",2008,"The American Journal of Surgery","","","https://scholar.google.com/scholar?oi=bibs&hl=en&cites=8566693318876808746",5,"2019-05-15","Journal article","","","https://scholar.google.com/citations?view_op=view_citation&hl=en&user=Mt9YzaoAAAAJ&pagesize=100&citation_for_view=Mt9YzaoAAAAJ:2osOgNQ5qMEC",195,1,1,4,52,4.73,7,7,11
45,"N Labropoulos, LR Leon Jr, LP Brewster, L Pryor, J Tiongson, SS Kang, ...","Are your arteries older than your age?",2005,"European journal of vascular and endovascular surgery","","","https://scholar.google.com/scholar?oi=bibs&hl=en&cites=9346215189419518083",6,"2019-05-15","Journal article","","","https://scholar.google.com/citations?view_op=view_citation&hl=en&user=Mt9YzaoAAAAJ&pagesize=100&citation_for_view=Mt9YzaoAAAAJ:9yKSN-GCB0IC",30,6,588,596,45,3.21,6,7,14
41,"LP Brewster, DA Risucci, RJ Joehl, FN Littooy, BK Temeck, PG Blair, ...","Management of adverse surgical events: a structured education module for residents",2005,"The American journal of surgery","","","https://scholar.google.com/scholar?oi=bibs&hl=en&cites=16443758722156523377",7,"2019-05-15","Journal article","","","https://scholar.google.com/citations?view_op=view_citation&hl=en&user=Mt9YzaoAAAAJ&pagesize=100&citation_for_view=Mt9YzaoAAAAJ:qjMakFHDy7sC",190,5,687,690,41,2.93,6,7,14
37,"J Moalem, P Salzman, DT Ruan, GS Cherr, CB Freiburg, RL Farkas, ...","Should all duty hours be the same? Results of a national survey of surgical trainees",2009,"Journal of the American College of Surgeons 209 (1), 47-54.","","","https://scholar.google.com/scholar?oi=bibs&hl=en&cites=1613218371047048991",8,"2019-05-15","Journal article","","","https://scholar.google.com/citations?view_op=view_citation&hl=en&user=Mt9YzaoAAAAJ&pagesize=100&citation_for_view=Mt9YzaoAAAAJ:d1gkVwhDpl0C",,,2,,37,3.70,5,7,10
26,"LP Brewster, R Beaulieu, MA Corriere, R Veeraswamy, KA Niazi, ...","Carotid revascularization outcomes comparing distal filters, flow reversal, and endarterectomy",2011,"Journal of vascular surgery","","","https://scholar.google.com/scholar?oi=bibs&hl=en&cites=17951049230841237159",9,"2019-05-15","Journal article","","","https://scholar.google.com/citations?view_op=view_citation&hl=en&user=Mt9YzaoAAAAJ&pagesize=100&citation_for_view=Mt9YzaoAAAAJ:LkGwnXOMwfcC",54,4,1000,1005,26,3.25,4,6,8
24,"LP Brewster, C Washington, EM Brey, A Gassman, A Subramanian, ...","Construction and characterization of a thrombin-resistant designer FGF-based collagen binding domain angiogen",2008,"Biomaterials","","","https://scholar.google.com/scholar?oi=bibs&hl=en&cites=529024654040071307",10,"2019-05-15","Journal article","","","https://scholar.google.com/citations?view_op=view_citation&hl=en&user=Mt9YzaoAAAAJ&pagesize=100&citation_for_view=Mt9YzaoAAAAJ:zYLM7Y9cAGgC",29,3,327,336,24,2.18,4,6,11
23,"ST Robinson, AM Douglas, T Chadid, K Kuo, A Rajabalan, H Li, ...","A novel platelet lysate hydrogel for endothelial cell and mesenchymal stem cell-directed neovascularization",2016,"Acta biomaterialia","","","https://scholar.google.com/scholar?oi=bibs&hl=en&cites=5371058695685596861",11,"2019-05-15","Journal article","","","https://scholar.google.com/citations?view_op=view_citation&hl=en&user=Mt9YzaoAAAAJ&pagesize=100&citation_for_view=Mt9YzaoAAAAJ:p2g8aNsByqUC",36,,86,98,23,7.67,3,7,3
23,"D Wang, DA Liem, E Lau, DCM Ng, BJ Bleakley, M Cadeiras, MC Deng, ...","Characterization of human plasma proteome dynamics using deuterium oxide",2014,"PROTEOMICS–Clinical Applications 8 (7-8)","","","https://scholar.google.com/scholar?oi=bibs&hl=en&cites=1522252743966940861,10192047081385011373,18205304872962724692,8354051255079398014",12,"2019-05-15","Book chapter","","","https://scholar.google.com/citations?view_op=view_citation&hl=en&user=Mt9YzaoAAAAJ&pagesize=100&citation_for_view=Mt9YzaoAAAAJ:D_sINldO8mEC",,,610,619,23,4.60,3,8,5
22,"S Arya, CA Long, R Brahmbhatt, S Shafii, LP Brewster, R Veeraswamy, ...","Preoperative frailty increases risk of nonhome discharge after elective vascular surgery in home-dwelling patients",2016,"Annals of vascular surgery","","","https://scholar.google.com/scholar?oi=bibs&hl=en&cites=10340126709679129573",13,"2019-05-15","Journal article","","","https://scholar.google.com/citations?view_op=view_citation&hl=en&user=Mt9YzaoAAAAJ&pagesize=100&citation_for_view=Mt9YzaoAAAAJ:pyW8ca7W8N0C",35,,19,29,22,7.33,3,7,3
21,"KN Islam, DJ Polhemus, E Donnarumma, LP Brewster, DJ Lefer","Hydrogen Sulfide Levels and Nuclear Factor‐Erythroid 2‐Related Factor 2 (NRF 2) Activity Are Attenuated in the Setting of Critical Limb Ischemia (CLI)",2015,"Journal of the American Heart Association","","","https://scholar.google.com/scholar?oi=bibs&hl=en&cites=2460628113120480975",14,"2019-05-15","Journal article","","","https://scholar.google.com/citations?view_op=view_citation&hl=en&user=Mt9YzaoAAAAJ&pagesize=100&citation_for_view=Mt9YzaoAAAAJ:bFI3QPDXJZMC",4,5,1986,,21,5.25,4,5,4
21,"LP Brewster, R Beaulieu, K Kasirajan, MA Corriere, JJ Ricotta II, S Patel, ...","Contralateral occlusion is not a clinically important reason for choosing carotid artery stenting for patients with significant carotid artery stenosis",2012,"Journal of vascular surgery","","","https://scholar.google.com/scholar?oi=bibs&hl=en&cites=2191470740468761524,11042691190954967849",15,"2019-05-15","Journal article","","","https://scholar.google.com/citations?view_op=view_citation&hl=en&user=Mt9YzaoAAAAJ&pagesize=100&citation_for_view=Mt9YzaoAAAAJ:4TOpqqG69KYC",56,5,1291,1295,21,3.00,3,7,7
20,"P Thirunavukarasu, LP Brewster, SM Pecora, DE Hall","Educational intervention is effective in improving knowledge and confidence in surgical ethics—a prospective study",2010,"The American Journal of Surgery","","","https://scholar.google.com/scholar?oi=bibs&hl=en&cites=4767539291481169272",16,"2019-05-15","Journal article","","","https://scholar.google.com/citations?view_op=view_citation&hl=en&user=Mt9YzaoAAAAJ&pagesize=100&citation_for_view=Mt9YzaoAAAAJ:WF5omc3nYNoC",200,5,665,669,20,2.22,5,4,9
20,"L Brewster, EM Brey, M Addis, L Xue, V Husak, J Ellinger, ...","Improving endothelial healing with novel chimeric mitogens",2006,"The American journal of surgery","","","https://scholar.google.com/scholar?oi=bibs&hl=en&cites=4352978363619428683",17,"2019-05-15","Journal article","","","https://scholar.google.com/citations?view_op=view_citation&hl=en&user=Mt9YzaoAAAAJ&pagesize=100&citation_for_view=Mt9YzaoAAAAJ:UeHWp8X0CEIC",192,5,589,593,20,1.54,3,7,13
19,"LP Brewster, EM Brey, AK Tassiopoulos, L Xue, E Maddox, D Armistead, ...","Heparin-independent mitogenicity in an endothelial and smooth muscle cell chimeric growth factor (S130K-HBGAM)",2004,"The American journal of surgery","","","https://scholar.google.com/scholar?oi=bibs&hl=en&cites=14036475619884198033",18,"2019-05-15","Journal article","","","https://scholar.google.com/citations?view_op=view_citation&hl=en&user=Mt9YzaoAAAAJ&pagesize=100&citation_for_view=Mt9YzaoAAAAJ:IjCSPb-OGe4C",188,5,575,579,19,1.27,3,7,15
18,"Y Duwayri, J Goss, W Knechtle, RK Veeraswamy, S Arya, RR Rajani, ...","The readmission event after vascular surgery: causes and costs",2016,"Annals of vascular surgery","","","https://scholar.google.com/scholar?oi=bibs&hl=en&cites=12823926524494453016",19,"2019-05-15","Journal article","","","https://scholar.google.com/citations?view_op=view_citation&hl=en&user=Mt9YzaoAAAAJ&pagesize=100&citation_for_view=Mt9YzaoAAAAJ:l7t_Zn2s7bgC",36,,7,12,18,6.00,3,7,3
18,"AA Ucuzian, LP Brewster, AT East, Y Pang, AA Gassman, HP Greisler","Characterization of the chemotactic and mitogenic response of SMCs to PDGF‐BB and FGF‐2 in fibrin hydrogels",2010,"Journal of Biomedical Materials Research Part A","","","https://scholar.google.com/scholar?oi=bibs&hl=en&cites=10380517601886813759",20,"2019-05-15","Journal article","","","https://scholar.google.com/citations?view_op=view_citation&hl=en&user=Mt9YzaoAAAAJ&pagesize=100&citation_for_view=Mt9YzaoAAAAJ:_FxGoFyzp5QC",94,3,988,996,18,2.00,3,6,9
17,"LP Brewster, BK Bennett, RL Gamelli","Application of rehabilitation ethics to a selected burn patient population’s perspective",2006,"Journal of the American College of Surgeons","","","https://scholar.google.com/scholar?oi=bibs&hl=en&cites=13667808590091674836",21,"2019-05-15","Journal article","","","https://scholar.google.com/citations?view_op=view_citation&hl=en&user=Mt9YzaoAAAAJ&pagesize=100&citation_for_view=Mt9YzaoAAAAJ:YsMSGLbcyi4C",203,5,766,771,17,1.31,6,3,13
16,"R Brahmbhatt, LP Brewster, S Shafii, RR Rajani, R Veeraswamy, A Salam, ...","Gender and frailty predict poor outcomes in infrainguinal vascular surgery",2016,"Journal of Surgical Research","","","https://scholar.google.com/scholar?oi=bibs&hl=en&cites=4479320169030439911",22,"2019-05-15","Journal article","","","https://scholar.google.com/citations?view_op=view_citation&hl=en&user=Mt9YzaoAAAAJ&pagesize=100&citation_for_view=Mt9YzaoAAAAJ:CHSYGLWDkRkC",201,1,156,165,16,5.33,2,7,3
15,"S Arya, A Khakharia, ZO Binney, RR DeMartino, LP Brewster, ...","Association of statin dose with amputation and survival in patients with peripheral artery disease",2018,"Circulation","","","https://scholar.google.com/scholar?oi=bibs&hl=en&cites=9064531584343205677",23,"2019-05-15","Journal article","","","https://scholar.google.com/citations?view_op=view_citation&hl=en&user=Mt9YzaoAAAAJ&pagesize=100&citation_for_view=Mt9YzaoAAAAJ:dTyEYWd-f8wC",137,14,1435,1446,15,15.00,3,6,1
15,"R Wang, LP Brewster, RL Gleason Jr","In-situ characterization of the uncrimping process of arterial collagen fibers using two-photon confocal microscopy and digital image correlation",2013,"Journal of biomechanics","","","https://scholar.google.com/scholar?oi=bibs&hl=en&cites=13115419266304223419",24,"2019-05-15","Journal article","","","https://scholar.google.com/citations?view_op=view_citation&hl=en&user=Mt9YzaoAAAAJ&pagesize=100&citation_for_view=Mt9YzaoAAAAJ:blknAaTinKkC",46,15,2726,2729,15,2.50,5,3,6
14,"L Cendales, R Bray, H Gebel, L Brewster, R Elbein, D Farthing, M Song, ...","Tacrolimus to belatacept conversion following hand transplantation: a case report",2015,"American Journal of Transplantation","","","https://scholar.google.com/scholar?oi=bibs&hl=en&cites=3889018977312106544",25,"2019-05-15","Journal article","","","https://scholar.google.com/citations?view_op=view_citation&hl=en&user=Mt9YzaoAAAAJ&pagesize=100&citation_for_view=Mt9YzaoAAAAJ:XiVPGOgt02cC",15,8,2250,2255,14,3.50,2,8,4
14,"BM Martin, TP Love, J Srinivasan, J Sharma, B Pettitt, C Sullivan, ...","Designing an ethics curriculum to support global health experiences in surgery",2014,"journal of surgical research","","","https://scholar.google.com/scholar?oi=bibs&hl=en&cites=17821585641096372821",26,"2019-05-15","Journal article","","","https://scholar.google.com/citations?view_op=view_citation&hl=en&user=Mt9YzaoAAAAJ&pagesize=100&citation_for_view=Mt9YzaoAAAAJ:JV2RwH3_ST0C",187,2,367,370,14,2.80,2,7,5
13,"L Brewster, S Robinson, R Wang, S Griffiths, H Li, A Peister, I Copland, ...","Expansion and angiogenic potential of mesenchymal stem cells from patients with critical limb ischemia",2017,"Journal of vascular surgery 65 (3), 826-838.","","","https://scholar.google.com/scholar?oi=bibs&hl=en&cites=6281161643278220353",27,"2019-05-15","Journal article","","","https://scholar.google.com/citations?view_op=view_citation&hl=en&user=Mt9YzaoAAAAJ&pagesize=100&citation_for_view=Mt9YzaoAAAAJ:SP6oXDckpogC",,,1,,13,6.50,2,8,2
12,"JM Bradley, KN Islam, DJ Polhemus, E Donnarumma, LP Brewster, ...","Sustained release nitrite therapy results in myocardial protection in a porcine model of metabolic syndrome with peripheral vascular disease",2015,"American Journal of Physiology-Heart and Circulatory Physiology 309 (2 …","","","https://scholar.google.com/scholar?oi=bibs&hl=en&cites=9349698827633909167",28,"2019-05-15","Journal article","","","https://scholar.google.com/citations?view_op=view_citation&hl=en&user=Mt9YzaoAAAAJ&pagesize=100&citation_for_view=Mt9YzaoAAAAJ:f2IySw72cVMC",,,,,12,3.00,2,6,4
12,"LP Brewster, AA Ucuzian, EM Brey, M Liwanag, AM Samarel, HP Greisler","FRNK overexpression limits the depth and frequency of vascular smooth muscle cell invasion in a three‐dimensional fibrin matrix",2010,"Journal of cellular physiology","","","https://scholar.google.com/scholar?oi=bibs&hl=en&cites=7597756916737221357",29,"2019-05-15","Journal article","","","https://scholar.google.com/citations?view_op=view_citation&hl=en&user=Mt9YzaoAAAAJ&pagesize=100&citation_for_view=Mt9YzaoAAAAJ:Y0pCki6q_DkC",225,2,562,568,12,1.33,2,6,9
12,"L Brewster, N Trueger, C Schermer, A Ghanayem, J Santaniello","Infraumbilical anterior retroperitoneal exposure of the lumbar spine in 128 consecutive patients",2008,"World journal of surgery","","","https://scholar.google.com/scholar?oi=bibs&hl=en&cites=15096337137378018414",30,"2019-05-15","Journal article","","","https://scholar.google.com/citations?view_op=view_citation&hl=en&user=Mt9YzaoAAAAJ&pagesize=100&citation_for_view=Mt9YzaoAAAAJ:bEWYMUwI8FkC",32,7,1414,1419,12,1.09,2,5,11
11,"DJ Polhemus, JM Bradley, KN Islam, LP Brewster, JW Calvert, YX Tao, ...","Therapeutic potential of sustained-release sodium nitrite for critical limb ischemia in the setting of metabolic syndrome",2015,"American Journal of Physiology-Heart and Circulatory Physiology 309 (1), H82-H","","","https://scholar.google.com/scholar?oi=bibs&hl=en&cites=15092794549112702854",31,"2019-05-15","Journal article","","","https://scholar.google.com/citations?view_op=view_citation&hl=en&user=Mt9YzaoAAAAJ&pagesize=100&citation_for_view=Mt9YzaoAAAAJ:D03iK_w7-QYC",92,,,,11,2.75,2,7,4
11,"R Wang, J Raykin, H Li, RL Gleason, LP Brewster","Differential mechanical response and microstructural organization between non-human primate femoral and carotid arteries",2014,"Biomechanics and modeling in mechanobiology","","","https://scholar.google.com/scholar?oi=bibs&hl=en&cites=488867626169311975",32,"2019-05-15","Journal article","","","https://scholar.google.com/citations?view_op=view_citation&hl=en&user=Mt9YzaoAAAAJ&pagesize=100&citation_for_view=Mt9YzaoAAAAJ:ns9cj8rnVeAC",13,5,1041,1051,11,2.20,2,5,5
11,"RRD Martino, LP Brewster, AA Kokkosis, C Glass, M Boros, P Kreishman, ...","The perspective of the vascular surgery trainee on new ACGME regulations, fatigue, resident training, and patient safety",2011,"Vascular and endovascular surgery","","","https://scholar.google.com/scholar?oi=bibs&hl=en&cites=11404487172259763958",33,"2019-05-15","Journal article","","","https://scholar.google.com/citations?view_op=view_citation&hl=en&user=Mt9YzaoAAAAJ&pagesize=100&citation_for_view=Mt9YzaoAAAAJ:kNdYIx-mwKoC",45,8,697,702,11,1.38,2,7,8
11,"J Moalem, L Brewster, T James","Position statement on further work hour restrictions: the views of current and recent trainees.",2009,"Surgery","","","https://scholar.google.com/scholar?oi=bibs&hl=en&cites=5113370512723935245",34,"2019-05-15","Journal article","","","https://scholar.google.com/citations?view_op=view_citation&hl=en&user=Mt9YzaoAAAAJ&pagesize=100&citation_for_view=Mt9YzaoAAAAJ:Tyk-4Ss8FVUC",146,3,428,429,11,1.10,4,3,10
9,"BJ Flink, CA Long, Y Duwayri, LP Brewster, R Veeraswamy, K Gallagher, ...","Women undergoing aortic surgery are at higher risk for unplanned readmissions compared with men especially when discharged home",2016,"Journal of vascular surgery 63 (6), 1496-1504.","","","https://scholar.google.com/scholar?oi=bibs&hl=en&cites=13361631080433751784",35,"2019-05-15","Journal article","","","https://scholar.google.com/citations?view_op=view_citation&hl=en&user=Mt9YzaoAAAAJ&pagesize=100&citation_for_view=Mt9YzaoAAAAJ:K3LRdlH-MEoC",,,1,,9,3.00,1,7,3
8,"S Arya, ZO Binney, A Khakharia, CA Long, LP Brewster, PW Wilson, ...","High hemoglobin A1c associated with increased adverse limb events in peripheral arterial disease patients undergoing revascularization",2018,"Journal of vascular surgery 67 (1), 217-228.","","","https://scholar.google.com/scholar?oi=bibs&hl=en&cites=13444876779745724862",36,"2019-05-15","Journal article","","","https://scholar.google.com/citations?view_op=view_citation&hl=en&user=Mt9YzaoAAAAJ&pagesize=100&citation_for_view=Mt9YzaoAAAAJ:eJXPG6dFmWUC",,,1,,8,8.00,1,7,1
8,"RR Rajani, LS Johnson, BL Brewer, LP Brewster, Y Duwayri, JG Reeves, ...","Anatomic characteristics of aortic transection: centerline analysis to facilitate graft selection",2014,"Annals of vascular surgery","","","https://scholar.google.com/scholar?oi=bibs&hl=en&cites=8045194633356548084",37,"2019-05-15","Journal article","","","https://scholar.google.com/citations?view_op=view_citation&hl=en&user=Mt9YzaoAAAAJ&pagesize=100&citation_for_view=Mt9YzaoAAAAJ:GnPB-g6toBAC",28,2,433,436,8,1.60,1,7,5
8,"TP Love, K Kasirajan, NC Haskins, RT Mixon, LP Brewster, Y Duwayri, ...","Computed tomography angiography-based evaluation of great saphenous vein conduit for lower extremity bypass",2013,"Journal of vascular surgery","","","https://scholar.google.com/scholar?oi=bibs&hl=en&cites=17165843356371348890",38,"2019-05-15","Journal article","","","https://scholar.google.com/citations?view_op=view_citation&hl=en&user=Mt9YzaoAAAAJ&pagesize=100&citation_for_view=Mt9YzaoAAAAJ:-f6ydRqryjwC",57,1,50,55,8,1.33,1,7,6
8,"AC Powell, JS Nelson, NN Massarweh, LP Brewster, HP Santry","The modern surgical lifestyle",2009,"Bull Am Coll Surg","","","https://scholar.google.com/scholar?oi=bibs&hl=en&cites=679350425067549723",39,"2019-05-15","Journal article","","","https://scholar.google.com/citations?view_op=view_citation&hl=en&user=Mt9YzaoAAAAJ&pagesize=100&citation_for_view=Mt9YzaoAAAAJ:ufrVoPGSRksC",94,6,31,37,8,0.80,2,5,10
8,"CM Gresik, LP Brewster, G Abood, KG Supple, GM Silver, RL Gamelli, ...","Ecthyma gangrenosum following toxic epidermal necrolysis syndrome in a 3-year-old boy—a survivable series of events",2008,"Journal of burn care & research","","","https://scholar.google.com/scholar?oi=bibs&hl=en&cites=1255438073211726567",40,"2019-05-15","Journal article","","","https://scholar.google.com/citations?view_op=view_citation&hl=en&user=Mt9YzaoAAAAJ&pagesize=100&citation_for_view=Mt9YzaoAAAAJ:eQOLeE2rZwMC",29,3,555,558,8,0.73,1,7,11
7,"S Arya, Z Binney, A Khakharia, LP Brewster, P Goodney, R Patzer, ...","Race and socioeconomic status independently affect risk of major amputation in peripheral artery disease",2018,"Journal of the American Heart Association","","","https://scholar.google.com/scholar?oi=bibs&hl=en&cites=15586003866083994975",41,"2019-05-15","Journal article","","","https://scholar.google.com/citations?view_op=view_citation&hl=en&user=Mt9YzaoAAAAJ&pagesize=100&citation_for_view=Mt9YzaoAAAAJ:_B80troHkn4C",7,2,7425,,7,7.00,1,7,1
7,"K Brown, DS Itum, J Preiss, Y Duwayri, RK Veeraswamy, A Salam, ...","Carotid artery stenting has increased risk of external carotid artery occlusion compared with carotid endarterectomy",2015,"Journal of vascular surgery","","","https://scholar.google.com/scholar?oi=bibs&hl=en&cites=10543904543452866727,10130964367359135750",42,"2019-05-15","Journal article","","","https://scholar.google.com/citations?view_op=view_citation&hl=en&user=Mt9YzaoAAAAJ&pagesize=100&citation_for_view=Mt9YzaoAAAAJ:zA6iFVUQeVQC",61,1,119,125,7,1.75,1,7,4
7,"LP Brewster, DE Hall, RJ Joehl","Assessing residents in surgical ethics: we do it a lot; we only know a little",2011,"Journal of Surgical Research","","","https://scholar.google.com/scholar?oi=bibs&hl=en&cites=14458261108377612590",43,"2019-05-15","Journal article","","","https://scholar.google.com/citations?view_op=view_citation&hl=en&user=Mt9YzaoAAAAJ&pagesize=100&citation_for_view=Mt9YzaoAAAAJ:Wp0gIr-vW9MC",171,2,395,398,7,0.88,2,3,8
6,"CA Long, LH Timmins, P Koutakis, TT Goodchild, DJ Lefer, II Pipinos, ...","An endovascular model of ischemic myopathy from peripheral arterial disease",2017,"Journal of vascular surgery","","","https://scholar.google.com/scholar?oi=bibs&hl=en&cites=14825716184426186839",44,"2019-05-15","Journal article","","","https://scholar.google.com/citations?view_op=view_citation&hl=en&user=Mt9YzaoAAAAJ&pagesize=100&citation_for_view=Mt9YzaoAAAAJ:B3FOqHPlNUQC",66,3,891,901,6,3.00,1,7,2
6,"JD Prologo, CA Gilliland, M Miller, P Harkey, J Knight, D Kies, ...","Percutaneous image-guided cryoablation for the treatment of phantom limb pain in amputees: a pilot study",2017,"Journal of Vascular and Interventional Radiology 28 (1), 24-34.","","","https://scholar.google.com/scholar?oi=bibs&hl=en&cites=17882796576394054904,15750040755885965872",45,"2019-05-15","Journal article","","","https://scholar.google.com/citations?view_op=view_citation&hl=en&user=Mt9YzaoAAAAJ&pagesize=100&citation_for_view=Mt9YzaoAAAAJ:u9iWguZQMMsC",,,4,,6,3.00,1,7,2
5,"CW Kim, A Pokutta-Paskaleva, S Kumar, LH Timmins, AD Morris, ...","Disturbed flow promotes arterial stiffening through thrombospondin-1",2017,"Circulation","","","https://scholar.google.com/scholar?oi=bibs&hl=en&cites=16632117894232943976",46,"2019-05-15","Journal article","","","https://scholar.google.com/citations?view_op=view_citation&hl=en&user=Mt9YzaoAAAAJ&pagesize=100&citation_for_view=Mt9YzaoAAAAJ:WA5NYHcadZ8C",136,13,1217,1232,5,2.50,1,6,2
5,"KH Huen, R Chowdhury, SM Shafii, LP Brewster, S Arya, Y Duwayri, ...","Smoking cessation is the least successful outcome of risk factor modification in uninsured patients with symptomatic peripheral arterial disease",2015,"Annals of vascular surgery","","","https://scholar.google.com/scholar?oi=bibs&hl=en&cites=6798020200631061030",47,"2019-05-15","Journal article","","","https://scholar.google.com/citations?view_op=view_citation&hl=en&user=Mt9YzaoAAAAJ&pagesize=100&citation_for_view=Mt9YzaoAAAAJ:g5m5HwL7SMYC",29,1,42,49,5,1.25,1,7,4
5,"JE Preiss, DS Itum, JG Reeves, Y Duwaryi, R Rajani, R Veeraswamy, ...","Carotid duplex criteria for patients with contralateral occlusion",2015,"Journal of Surgical Research","","","https://scholar.google.com/scholar?oi=bibs&hl=en&cites=16681223020025679032",48,"2019-05-15","Journal article","","","https://scholar.google.com/citations?view_op=view_citation&hl=en&user=Mt9YzaoAAAAJ&pagesize=100&citation_for_view=Mt9YzaoAAAAJ:ldfaerwXgEUC",193,1,28,32,5,1.25,1,7,4
5,"JM Ruddy, P Reisenman, J Priestley, LP Brewster, Y Duwayri, ...","Stent graft therapy for false lumen aneurysmal degeneration in established type B aortic dissection (FADED) results in differential volumetric remodeling of the thoracic versus …",2014,"Annals of vascular surgery","","","https://scholar.google.com/scholar?oi=bibs&hl=en&cites=5404350472666300514",49,"2019-05-15","Journal article","","","https://scholar.google.com/citations?view_op=view_citation&hl=en&user=Mt9YzaoAAAAJ&pagesize=100&citation_for_view=Mt9YzaoAAAAJ:O3NaXMp0MMsC",28,7,1602,1609,5,1.00,1,6,5
4,"NL Salvo, MD Walsh, LP Brewster","Promoting limb salvage through multi-disciplinary care of the diabetic patient",2017,"Current treatment options in cardiovascular medicine","","","https://scholar.google.com/scholar?oi=bibs&hl=en&cites=8467568770181764036",50,"2019-05-15","Journal article","","","https://scholar.google.com/citations?view_op=view_citation&hl=en&user=Mt9YzaoAAAAJ&pagesize=100&citation_for_view=Mt9YzaoAAAAJ:5ugPr518TE4C",19,7,55,55,4,2.00,1,3,2
4,"CT Johnson, LP Brewster","Carotid artery intima-media thickness and the renin-angiotensin system",2013,"Hospital Practice","","","https://scholar.google.com/scholar?oi=bibs&hl=en&cites=5416192555981456544",51,"2019-05-15","Journal article","","","https://scholar.google.com/citations?view_op=view_citation&hl=en&user=Mt9YzaoAAAAJ&pagesize=100&citation_for_view=Mt9YzaoAAAAJ:r0BpntZqJG4C",41,2,54,61,4,0.67,2,2,6
4,"LP Brewster, K Kasirajan","Thoracic endovascular aneurysm repair for thoracic aneurysms: what we know, what to expect",2011,"Annals of vascular surgery","","","https://scholar.google.com/scholar?oi=bibs&hl=en&cites=15822455811628782213",52,"2019-05-15","Journal article","","","https://scholar.google.com/citations?view_op=view_citation&hl=en&user=Mt9YzaoAAAAJ&pagesize=100&citation_for_view=Mt9YzaoAAAAJ:9ZlFYXVOiuMC",25,6,856,865,4,0.50,2,2,8
3,"AD Morris, S Dalal, H Li, LP Brewster","Human diabetic mesenchymal stem cells from peripheral arterial disease patients promote angiogenesis through unique secretome signatures",2018,"Surgery","","","https://scholar.google.com/scholar?oi=bibs&hl=en&cites=16664237766865479320",53,"2019-05-15","Journal article","","","https://scholar.google.com/citations?view_op=view_citation&hl=en&user=Mt9YzaoAAAAJ&pagesize=100&citation_for_view=Mt9YzaoAAAAJ:PELIpwtuRlgC",163,4,870,876,3,3.00,1,4,1
3,"CA Long, M Sweet, T Chadid, P Koutakis, T Goodchild, D Lefer, I Pipinos, ...","A novel large-animal model of peripheral arterial disease",2016,"Journal of Vascular Surgery","","","https://scholar.google.com/scholar?oi=bibs&hl=en&cites=9186013461173256508",54,"2019-05-15","Journal article","","","https://scholar.google.com/citations?view_op=view_citation&hl=en&user=Mt9YzaoAAAAJ&pagesize=100&citation_for_view=Mt9YzaoAAAAJ:nb7KW1ujOQ8C",63,1,293,294,3,1.00,0,8,3
3,"JE Preiss, S Arya, Y Duwayri, SM Shafii, RK Veeraswamy, RR Rajani, ...","Late mortality in females after endovascular aneurysm repair",2015,"Journal of Surgical Research","","","https://scholar.google.com/scholar?oi=bibs&hl=en&cites=10129874609477200493",55,"2019-05-15","Journal article","","","https://scholar.google.com/citations?view_op=view_citation&hl=en&user=Mt9YzaoAAAAJ&pagesize=100&citation_for_view=Mt9YzaoAAAAJ:a0OBvERweLwC",198,2,508,514,3,0.75,0,7,4
3,"L Brewster, EM Brey, HP Greisler","Blood vessels",2014,"Principles of Tissue Engineering","","","https://scholar.google.com/scholar?oi=bibs&hl=en&cites=5918650242423064305",56,"2019-05-15","Book chapter","","","https://scholar.google.com/citations?view_op=view_citation&hl=en&user=Mt9YzaoAAAAJ&pagesize=100&citation_for_view=Mt9YzaoAAAAJ:4fKUyHm3Qg0C",,,793,812,3,0.60,1,3,5
3,"AM Rosado, LP Brewster","Regeneration: letting the scaffold do the work",2013,"Journal of Surgical Research","","","https://scholar.google.com/scholar?oi=bibs&hl=en&cites=7343527077375603953",57,"2019-05-15","Journal article","","","https://scholar.google.com/citations?view_op=view_citation&hl=en&user=Mt9YzaoAAAAJ&pagesize=100&citation_for_view=Mt9YzaoAAAAJ:UebtZRa9Y70C",180,1,49,50,3,0.50,2,2,6
3,"LP Brewster, HP Greisler","There may be nothing new under the sun, but this is ridiculous",2010,"Journal of vascular surgery","","","https://scholar.google.com/scholar?oi=bibs&hl=en&cites=11183043839215723444",58,"2019-05-15","Journal article","","","https://scholar.google.com/citations?view_op=view_citation&hl=en&user=Mt9YzaoAAAAJ&pagesize=100&citation_for_view=Mt9YzaoAAAAJ:M3ejUd6NZC8C",52,6,1697,1698,3,0.33,2,2,9
3,"J Moalem, L Brewster, T James","Resident and Associate Society of the American College of Surgeons: Position statement on further work hour restrictions.",2009,"Bulletin of the American College of Surgeons","","","https://scholar.google.com/scholar?oi=bibs&hl=en&cites=7893776780671664381",59,"2019-05-15","Journal article","","","https://scholar.google.com/citations?view_op=view_citation&hl=en&user=Mt9YzaoAAAAJ&pagesize=100&citation_for_view=Mt9YzaoAAAAJ:W7OEmFMy1HYC",94,1,19,19,3,0.30,1,3,10
2,"S Arya, A Khakharia, ZO Binney, RR DeMartino, LP Brewster, ...","Statins have a dose-dependent effect on amputation and survival in peripheral artery disease patients",2018,"Circulation","","","https://scholar.google.com/scholar?oi=bibs&hl=en&cites=4470178447033713771",60,"2019-05-15","Journal article","","","https://scholar.google.com/citations?view_op=view_citation&hl=en&user=Mt9YzaoAAAAJ&pagesize=100&citation_for_view=Mt9YzaoAAAAJ:tkaPQYYpVKoC",137,,1435,1446,2,2.00,0,6,1
2,"JD Prologo, M Hawkins, C Gilliland, R Chinnadurai, P Harkey, T Chadid, ...","Interventional stem cell therapy",2016,"Clinical radiology","","","https://scholar.google.com/scholar?oi=bibs&hl=en&cites=635836390170283549",61,"2019-05-15","Journal article","","","https://scholar.google.com/citations?view_op=view_citation&hl=en&user=Mt9YzaoAAAAJ&pagesize=100&citation_for_view=Mt9YzaoAAAAJ:uWQEDVKXjbEC",71,4,307,311,2,0.67,0,7,3
2,"S Arya, R Brahmbhatt, J Gander, Y Duwayri, LP Brewster, R Veeraswamy, ...","Preoperative frailty independently increases risk of unplanned readmission and associated complications after peripheral vascular interventions",2014,"Journal of the American College of Surgeons 219 (3), S","","","https://scholar.google.com/scholar?oi=bibs&hl=en&cites=7304085085427004027",62,"2019-05-15","Journal article","","","https://scholar.google.com/citations?view_op=view_citation&hl=en&user=Mt9YzaoAAAAJ&pagesize=100&citation_for_view=Mt9YzaoAAAAJ:2P1L_qKh6hAC",162,,,,2,0.40,0,7,5
2,"S Beal, LP Brewster","Femoral and carotid intima media thickness–two different measurements in two different arteries",2013,"Journal of Surgical Research","","","https://scholar.google.com/scholar?oi=bibs&hl=en&cites=7371396195864730656",63,"2019-05-15","Journal article","","","https://scholar.google.com/citations?view_op=view_citation&hl=en&user=Mt9YzaoAAAAJ&pagesize=100&citation_for_view=Mt9YzaoAAAAJ:hC7cP41nSMkC",185,2,511,512,2,0.33,1,2,6
2,"Y Duwayri, RC Allen, J Avise, LP Brewster, RR Rajani, RK Veeraswamy, ...","PS140. Secondary Vena Cava Filter Insertion During Surgical Procedures: Characterization and Comparison with Rates of Perioperative Venous Thromboembolism",2012,"Journal of Vascular Surgery 55 (6), 62S-63S","","","https://scholar.google.com/scholar?oi=bibs&hl=en&cites=7651246493229874813",64,"2019-05-15","Journal article","","","https://scholar.google.com/citations?view_op=view_citation&hl=en&user=Mt9YzaoAAAAJ&pagesize=100&citation_for_view=Mt9YzaoAAAAJ:qUcmZB5y_30C",,,,,2,0.29,0,7,7
2,"LP Brewster, J Palmatier, CJ Manley, DE Hall, JJ Brems","Limitations on surrogate decision-making for emergent liver transplantation",2012,"Journal of Surgical Research","","","https://scholar.google.com/scholar?oi=bibs&hl=en&cites=2785653832297060678",65,"2019-05-15","Journal article","","","https://scholar.google.com/citations?view_op=view_citation&hl=en&user=Mt9YzaoAAAAJ&pagesize=100&citation_for_view=Mt9YzaoAAAAJ:aqlVkmm33-oC",172,1,48,52,2,0.29,0,5,7
2,"J Moalem, L Brewster, T James","Position statement on further work hour restrictions",2009,"Bulletin of the American College of Surgeons","","","https://scholar.google.com/scholar?oi=bibs&hl=en&cites=14481224020127643570",66,"2019-05-15","Journal article","","","https://scholar.google.com/citations?view_op=view_citation&hl=en&user=Mt9YzaoAAAAJ&pagesize=100&citation_for_view=Mt9YzaoAAAAJ:uLbwQdceFCQC",20,,,,2,0.20,1,3,10
2,"K Kasirajan, L Brewster","The Emory experience",2009,"Endovasc Today","","","https://scholar.google.com/scholar?oi=bibs&hl=en&cites=8593585252128550825",67,"2019-05-15","Journal article","","","https://scholar.google.com/citations?view_op=view_citation&hl=en&user=Mt9YzaoAAAAJ&pagesize=100&citation_for_view=Mt9YzaoAAAAJ:4DMP91E08xMC",8,,26,30,2,0.20,1,2,10
1,"T Chadid, A Morris, A Surowiec, S Robinson, M Sasaki, J Galipeau, ...","Reversible secretome and signaling defects in diabetic mesenchymal stem cells from peripheral arterial disease patients",2018,"Journal of vascular surgery 68 (6), 137S-151S.","","","https://scholar.google.com/scholar?oi=bibs&hl=en&cites=2920420114811833940",68,"2019-05-15","Journal article","","","https://scholar.google.com/citations?view_op=view_citation&hl=en&user=Mt9YzaoAAAAJ&pagesize=100&citation_for_view=Mt9YzaoAAAAJ:ZuybSZzF8UAC",,,2,,1,1.00,0,7,1
1,"JRH Hoffman, R Chowdhury, LS Johnson, LP Brewster, Y Duwayri, ...","Posttraumatic resuscitation affects stent graft sizing in patients with blunt thoracic aortic injury",2016,"The American Surgeon","","","https://scholar.google.com/scholar?oi=bibs&hl=en&cites=12612728654512214491",69,"2019-05-15","Journal article","","","https://scholar.google.com/citations?view_op=view_citation&hl=en&user=Mt9YzaoAAAAJ&pagesize=100&citation_for_view=Mt9YzaoAAAAJ:UxriW0iASnsC",82,1,75,78,1,0.33,0,6,3
1,"JW Higgins, L Brewster, J Buxcey, SR Robinson","Interpretive by design: Engaging a community to create interpretive park signage",2015,"Journal of Park and Recreation Administration","","","https://scholar.google.com/scholar?oi=bibs&hl=en&cites=3841348233554532251",70,"2019-05-15","Journal article","","","https://scholar.google.com/citations?view_op=view_citation&hl=en&user=Mt9YzaoAAAAJ&pagesize=100&citation_for_view=Mt9YzaoAAAAJ:NhqRSupF_l8C",33,3,,,1,0.25,0,4,4
1,"KA Brown, DS Itum, Y Duwayri, JG Reeves, R Rajani, RK Veeraswamy, ...","Influence of the hostile neck on restenosis after carotid stenting",2015,"Annals of vascular surgery","","","https://scholar.google.com/scholar?oi=bibs&hl=en&cites=8956162019547271722",71,"2019-05-15","Journal article","","","https://scholar.google.com/citations?view_op=view_citation&hl=en&user=Mt9YzaoAAAAJ&pagesize=100&citation_for_view=Mt9YzaoAAAAJ:lSLTfruPkqcC",29,1,9,14,1,0.25,0,7,4
1,"R Brahmbhatt, J Gander, S Perez, L Brewster, Y Duwayri, R Rajani, ...","Improved Trends in Patient Survival and Decreased Major Complications After Emergency Ruptured Abdominal Aortic Aneurysm Repair From 2005 to 2011",2014,"Journal of vascular surgery","","","https://scholar.google.com/scholar?oi=bibs&hl=en&cites=98099297933355439",72,"2019-05-15","Journal article","","","https://scholar.google.com/citations?view_op=view_citation&hl=en&user=Mt9YzaoAAAAJ&pagesize=100&citation_for_view=Mt9YzaoAAAAJ:ZHo1McVdvXMC",60,6,1718,1719,1,0.20,0,7,5
1,"K Kempe, T Craven, D White, MS Edwards, P Daeihagh, LP Brewster, ...","Prospective evaluation of changes in superficial vein diameters after hemodialysis: implications for decision-making during conduit assessment",2014,"Journal of the American College of Surgeons 219 (3), S153-S","","","https://scholar.google.com/scholar?oi=bibs&hl=en&cites=13681474711993758296",73,"2019-05-15","Journal article","","","https://scholar.google.com/citations?view_op=view_citation&hl=en&user=Mt9YzaoAAAAJ&pagesize=100&citation_for_view=Mt9YzaoAAAAJ:70eg2SAEIzsC",154,,,,1,0.20,0,7,5
1,"L Cendales, R Bray, H Gebel, L Brewster, R Elbein, M Song, D Parker, ...","tacrolimus to Belatacept Conversion Following Hand Transplantation: A Case Report.: abstract# D2829",2014,"Transplantation","","","https://scholar.google.com/scholar?oi=bibs&hl=en&cites=7665756007377078318",74,"2019-05-15","Journal article","","","https://scholar.google.com/citations?view_op=view_citation&hl=en&user=Mt9YzaoAAAAJ&pagesize=100&citation_for_view=Mt9YzaoAAAAJ:bnK-pcrLprsC",98,,410,410,1,0.20,0,8,5
1,"SI Kim, Y Duwayri, LP Brewster, R Veeraswamy, A Salam, T Dodson, ...","PS26. Frailty Increases Risk of Mortality After Elective Abdominal Aortic Aneurysm (AAA) Repair Independent of Age and Comorbidity Status",2014,"Journal of Vascular Surgery 59 (6), 42S","","","https://scholar.google.com/scholar?oi=bibs&hl=en&cites=18209397917576322406",75,"2019-05-15","Journal article","","","https://scholar.google.com/citations?view_op=view_citation&hl=en&user=Mt9YzaoAAAAJ&pagesize=100&citation_for_view=Mt9YzaoAAAAJ:vV6vV6tmYwMC",,,,,1,0.20,0,7,5
1,"R Rajani, L Johnson, B Brewer, L Brewster, M Corriere, Y Duwayri, ...","Anatomic Characteristics of Aortic Transection: Centerline Analysis to Facilitate Emergent Repair",2012,"Journal of Vascular Surgery","","","https://scholar.google.com/scholar?oi=bibs&hl=en&cites=14461601287411099631",76,"2019-05-15","Journal article","","","https://scholar.google.com/citations?view_op=view_citation&hl=en&user=Mt9YzaoAAAAJ&pagesize=100&citation_for_view=Mt9YzaoAAAAJ:IWHjjKOFINEC",55,6,,,1,0.14,0,7,7
1,"N Tsilimparis, J Ricotta, D de Freitas, A Dayama, J Reeves, L Brewster, ...","A comparison of endovascular and hybrid strategies to treat high-risk patients with complex aortic aneurysms",2011,"Journal of Vascular Surgery","","","https://scholar.google.com/scholar?oi=bibs&hl=en&cites=16592724097109032004",77,"2019-05-15","Journal article","","","https://scholar.google.com/citations?view_op=view_citation&hl=en&user=Mt9YzaoAAAAJ&pagesize=100&citation_for_view=Mt9YzaoAAAAJ:L8Ckcad2t8MC",54,6,,,1,0.13,0,7,8
1,"TP Love, K Kasirajan, LP Brewster, RK Veeraswamy, A Salam, JJ Ricotta, ...","CTA-based anatomic evaluation of saphenous vein bypass conduit: utility and correlation with duplex ultrasound",2011,"Journal of Vascular Surgery","","","https://scholar.google.com/scholar?oi=bibs&hl=en&cites=5111242428839878512",78,"2019-05-15","Journal article","","","https://scholar.google.com/citations?view_op=view_citation&hl=en&user=Mt9YzaoAAAAJ&pagesize=100&citation_for_view=Mt9YzaoAAAAJ:hqOjcs7Dif8C",54,6,1863,1864,1,0.13,0,7,8
1,"LP Brewster, G Velazquez, T Dodson, A Salam, K Kasirajan, ...","PS104. Preoperative DNR Status Impacts Perioperative Mortality for Lower Extremity Revascularization and Major Amputation",2011,"Journal of Vascular Surgery 53 (6), 56S-57S","","","https://scholar.google.com/scholar?oi=bibs&hl=en&cites=9324849648786368628",79,"2019-05-15","Journal article","","","https://scholar.google.com/citations?view_op=view_citation&hl=en&user=Mt9YzaoAAAAJ&pagesize=100&citation_for_view=Mt9YzaoAAAAJ:ULOm3_A8WrAC",,,,,1,0.13,0,6,8
1,"LR Leon Jr, LP Brewster, N Labropoulos","Noninvasive Screening and Utility of Carotid Intima-Media Thickness",2005,"Vascular Diagnosis","","","https://scholar.google.com/scholar?oi=bibs&hl=en&cites=4598732833215516196",80,"2019-05-15","Book chapter","","","https://scholar.google.com/citations?view_op=view_citation&hl=en&user=Mt9YzaoAAAAJ&pagesize=100&citation_for_view=Mt9YzaoAAAAJ:5nxA0vEk-isC",,,157,173,1,0.07,0,3,14
0,"CA Long, ZB Fang, FY Hu, S Arya, LP Brewster, E Duggan, Y Duwayri","Poor glycemic control is a strong predictor of postoperative morbidity and mortality in patients undergoing vascular surgery",2019,"Journal of vascular surgery","","","",81,"2019-05-15","Journal article","","","https://scholar.google.com/citations?view_op=view_citation&hl=en&user=Mt9YzaoAAAAJ&pagesize=100&citation_for_view=Mt9YzaoAAAAJ:Tiz5es2fbqcC",69,4,1219,1226,0,0.00,0,7,1
0,"AF Prasanphanich, CT Johnson, A Krasnopeyev, S Cantara, C Roach, ...","Image-Guided Transarterial Directed Delivery of Human Mesenchymal Stem Cells for Targeted Gastrointestinal Therapies in a Swine Model",2019,"Journal of Vascular and Interventional Radiology","","","",82,"2019-05-15","Journal article","","","https://scholar.google.com/citations?view_op=view_citation&hl=en&user=Mt9YzaoAAAAJ&pagesize=100&citation_for_view=Mt9YzaoAAAAJ:_Ybze24A_UAC",,,,,0,0.00,0,6,1
0,"EJ Benjamin, P Muntner, A Alonso, MS Bittencourt, CW Callaway, ...","Employment Cost Index, Historical Listing–Volume V: Continuous Occupational and Industry Series: September 1975-December 2017. Table 4: employment cost index for total …",2019,"Circulation 139 (10), e56-","","","",83,"2019-05-15","Book chapter","","","https://scholar.google.com/citations?view_op=view_citation&hl=en&user=Mt9YzaoAAAAJ&pagesize=100&citation_for_view=Mt9YzaoAAAAJ:NJ774b8OgUMC",,,528,,0,0.00,0,6,1
0,"S Dalal, L Brewster","Ethics in Laboratory Research",2019,"Success in Academic Surgery: Basic Science","","","",84,"2019-05-15","Book chapter","","","https://scholar.google.com/citations?view_op=view_citation&hl=en&user=Mt9YzaoAAAAJ&pagesize=100&citation_for_view=Mt9YzaoAAAAJ:tKAzc9rXhukC",,,53,63,0,0.00,0,2,1
0,"E Lagergren, D Chihade, H Zhan, S Perez, L Brewster, S Arya, ...","Outcomes and Durability of Endovascular Aneurysm Repair in Octogenarians",2019,"Annals of vascular surgery","","","",85,"2019-05-15","Journal article","","","https://scholar.google.com/citations?view_op=view_citation&hl=en&user=Mt9YzaoAAAAJ&pagesize=100&citation_for_view=Mt9YzaoAAAAJ:PR6Y55bgFSsC",54,,33,39,0,0.00,0,7,1
0,"ER Breed, CA Hilliard, B Yoseph, R Mittal, Z Liang, CW Chen, EM Burd, ...","The small heat shock protein HSPB1 protects mice from sepsis",2018,"Scientific reports","","","",86,"2019-05-15","Journal article","","","https://scholar.google.com/citations?view_op=view_citation&hl=en&user=Mt9YzaoAAAAJ&pagesize=100&citation_for_view=Mt9YzaoAAAAJ:1yQoGdGgb4wC",8,1,12493,12493,0,0.00,0,8,1
0,"LP Brewster","Radiation brain dose to vascular surgeons during fluoroscopically guided interventions is not effectively reduced by wearing lead equivalent surgical caps",2018,"JOURNAL OF VASCULAR SURGERY","","","",87,"2019-05-15","Journal article","","","https://scholar.google.com/citations?view_op=view_citation&hl=en&user=Mt9YzaoAAAAJ&pagesize=100&citation_for_view=Mt9YzaoAAAAJ:N5tVd3kTz84C",68,2,586,587,0,0.00,0,1,1
0,"P Pooyan, LP Brewster, R Tannenbaum, H Garmestani","Biomimetic synthesis of two different types of renewable cellulosic nanomaterials for scaffolding in tissue engineering",2018,"Green Processing and Synthesis","","","",88,"2019-05-15","Journal article","","","https://scholar.google.com/citations?view_op=view_citation&hl=en&user=Mt9YzaoAAAAJ&pagesize=100&citation_for_view=Mt9YzaoAAAAJ:HE397vMXCloC",7,3,181,190,0,0.00,0,4,1
0,"S Lee, K Kalra, B Redpath, B Little, A Bernheim, L Brewster, L Shaw, ...","IP189. Evaluation of Peripheral Calcium Score as a Measure of Peripheral Artery Disease Severity",2018,"Journal of Vascular Surgery","","","",89,"2019-05-15","Journal article","","","https://scholar.google.com/citations?view_op=view_citation&hl=en&user=Mt9YzaoAAAAJ&pagesize=100&citation_for_view=Mt9YzaoAAAAJ:5awf1xo2G04C",67,6,137,,0,0.00,0,8,1
0,"L Brewster, W Upchurch","Abstract 717",2018,"Arteriosclerosis, Thrombosis, and Vascular Biology 38 (Suppl_1)","","","",90,"2019-05-15","","","","https://scholar.google.com/citations?view_op=view_citation&hl=en&user=Mt9YzaoAAAAJ&pagesize=100&citation_for_view=Mt9YzaoAAAAJ:Fu2w8maKXqMC",,,,,0,0.00,0,2,1
0,"LP Brewster, W Upchurch","Sequential Inflow Occlusion and Walking Capacity in Large Animal Model of PAD",2018,"Arteriosclerosis, Thrombosis, and Vascular Biology 38 (Suppl_1), A717-A","","","",91,"2019-05-15","Journal article","","","https://scholar.google.com/citations?view_op=view_citation&hl=en&user=Mt9YzaoAAAAJ&pagesize=100&citation_for_view=Mt9YzaoAAAAJ:W5xh706n7nkC",717,,,,0,0.00,0,2,1
0,"S Kumar, H Jo, LP Brewster","Disturbed Blood Flow induces Arterial Stiffening Through Thrombospondin-1",2018,"FASEB JOURNAL","","","",92,"2019-05-15","Journal article","","","https://scholar.google.com/citations?view_op=view_citation&hl=en&user=Mt9YzaoAAAAJ&pagesize=100&citation_for_view=Mt9YzaoAAAAJ:VL0QpB8kHFEC",32,1,,,0,0.00,0,3,1
0,"E Lagergren, D Chihade, H Zhan, S Arya, L Brewster, W Jordan, ...","Outcomes of Octogenarians Undergoing Elective Endovascular Aortic Repair Over Seven Consecutive Years: Do They fare Worse than Their Younger Counterparts?",2018,"Annals of Vascular Surgery","","","",93,"2019-05-15","Journal article","","","https://scholar.google.com/citations?view_op=view_citation&hl=en&user=Mt9YzaoAAAAJ&pagesize=100&citation_for_view=Mt9YzaoAAAAJ:JoZmwDi-zQgC",48,,27,27,0,0.00,0,7,1
0,"A Morris, LP Brewster, L Timmins","Developing Models of Disturbed Flow in Infrageniculate Arteries",2017,"Journal of the American College of Surgeons 225 (4), S","","","",94,"2019-05-15","Journal article","","","https://scholar.google.com/citations?view_op=view_citation&hl=en&user=Mt9YzaoAAAAJ&pagesize=100&citation_for_view=Mt9YzaoAAAAJ:eMMeJKvmdy0C",216,,,,0,0.00,0,3,2
0,"L Brewster, S Robinson, I Copland","Compositions Derived from Platelet Lysates and Uses in Vascularization",2017,"US Patent App. 15","","","",95,"2019-05-15","Patent","","","https://scholar.google.com/citations?view_op=view_citation&hl=en&user=Mt9YzaoAAAAJ&pagesize=100&citation_for_view=Mt9YzaoAAAAJ:AXPGKjj_ei8C",449,,67,67,0,0.00,0,3,2
0,"AD Morris, JE Preiss, S Ogbuchi, S Arya, Y Duwayri, TF Dodson, ...","Longer Patient Travel Times Associated with Decreased Follow-Up after Endovascular Aortic Aneurysm Repair (EVAR)",2017,"The American surgeon","","","",96,"2019-05-15","Journal article","","","https://scholar.google.com/citations?view_op=view_citation&hl=en&user=Mt9YzaoAAAAJ&pagesize=100&citation_for_view=Mt9YzaoAAAAJ:Mojj43d5GZwC",83,8,339,339,0,0.00,0,7,2
0,"ST Robinson, LP Brewster","Platelet Lysate to Promote Angiogenic Cell Therapies",2017,"Physiologic and Pathologic Angiogenesis: Signaling Mechanisms and Targeted …","","","",97,"2019-05-15","","","","https://scholar.google.com/citations?view_op=view_citation&hl=en&user=Mt9YzaoAAAAJ&pagesize=100&citation_for_view=Mt9YzaoAAAAJ:J-pR_7NvFogC",,,,,0,0.00,0,2,2
0,"S Arya, ZO Binney, A Khakharia, LP Brewster, PW Wilson, WD Jordan, ...","High Hemoglobin A1c Associated with Increased Adverse Limb Events in Peripheral Arterial Disease Patients Undergoing Revascularization",2017,"Journal of Vascular Surgery 65 (1), e10-","","","",98,"2019-05-15","Journal article","","","https://scholar.google.com/citations?view_op=view_citation&hl=en&user=Mt9YzaoAAAAJ&pagesize=100&citation_for_view=Mt9YzaoAAAAJ:LjlpjdlvIbIC",,,11,,0,0.00,0,7,2
0,"R Wang, J Raykin, LP Brewster, RL Gleason","A Novel Approach to Assess the In Situ Versus Ex Vivo Mechanical Behaviors of the Coronary Artery",2017,"Journal of biomechanical engineering","","","",99,"2019-05-15","Journal article","","","https://scholar.google.com/citations?view_op=view_citation&hl=en&user=Mt9YzaoAAAAJ&pagesize=100&citation_for_view=Mt9YzaoAAAAJ:LPZeul_q3PIC",139,1,11010,11010,0,0.00,0,4,2
0,"S Arya, S Dalal, LP Brewster","Hemodialysis Access in North America",2017,"Vascular Surgery","","","",100,"2019-05-15","Book chapter","","","https://scholar.google.com/citations?view_op=view_citation&hl=en&user=Mt9YzaoAAAAJ&pagesize=100&citation_for_view=Mt9YzaoAAAAJ:8AbLer7MMksC",,,251,262,0,0.00,0,3,2
0,"CR Ramos, LP Brewster","Advances, Pauses, and Future Opportunity for the Prevention of Venous Thromboembolism in the Trauma Population",2017,"JAMA surgery","","","",101,"2019-05-15","Journal article","","","https://scholar.google.com/citations?view_op=view_citation&hl=en&user=Mt9YzaoAAAAJ&cstart=100&pagesize=100&citation_for_view=Mt9YzaoAAAAJ:tS2w5q8j5-wC",152,1,41,41,0,0.00,0,2,2
0,"S Arya, C Long, ZO Binney, A Khakharia, LP Brewster, PP Goodney, ...","Race and Socioeconomic Status Have Independent Effects on Amputation in Peripheral Arterial Disease (PAD) Patients",2016,"Circulation 134 (suppl_1), A19776-A","","","",102,"2019-05-15","Journal article","","","https://scholar.google.com/citations?view_op=view_citation&hl=en&user=Mt9YzaoAAAAJ&cstart=100&pagesize=100&citation_for_view=Mt9YzaoAAAAJ:5Ul4iDaHHb8C",19776,,,,0,0.00,0,7,3
0,"CA Long, ZB Fang, FY Hu, RK Veeraswamy, RR Rajani, LP Brewster, ...","Poor Glycemic Control Is a Strong Predictor of Postoperative Morbidity and Mortality in Patients Undergoing Vascular Surgery",2016,"JOURNAL OF VASCULAR SURGERY 63 (6), 51S-52S","","","",103,"2019-05-15","Journal article","","","https://scholar.google.com/citations?view_op=view_citation&hl=en&user=Mt9YzaoAAAAJ&cstart=100&pagesize=100&citation_for_view=Mt9YzaoAAAAJ:7T2F9Uy0os0C",,,,,0,0.00,0,7,3
0,"L Brewster, T Chadid, A Morris","Impact of Secretome on Bone Marrow and Adipose Tissue-derived Mesenchymal Stem Cell Invasion and Angiogenic Activity from Human Diabetic Patients",2016,"DIABETES 65, A117-A","","","",104,"2019-05-15","Journal article","","","https://scholar.google.com/citations?view_op=view_citation&hl=en&user=Mt9YzaoAAAAJ&cstart=100&pagesize=100&citation_for_view=Mt9YzaoAAAAJ:wbdj-CoPYUoC",117,,,,0,0.00,0,3,3
0,"MG Sarr, KE Behrns, D Abbott, R Aggarwal, S Ahmad, T Aloia, ...","Acknowledgments of peer reviewers",2016,"Surgery","","","",105,"2019-05-15","Journal article","","","https://scholar.google.com/citations?view_op=view_citation&hl=en&user=Mt9YzaoAAAAJ&cstart=100&pagesize=100&citation_for_view=Mt9YzaoAAAAJ:fQNAKQ3IYiAC",160,4,,,0,0.00,0,7,3
0,"S Arya, ZO Binney, A Khakharia, RR Rajani, LP Brewster, PP Goodney, ...","RS02. High-Dose Perioperative Statins Are Associated With a Lower Risk of Postoperative and Long-Term Amputation in Patients Undergoing Revascularization for Peripheral …",2016,"Journal of Vascular Surgery 63 (6), 49S-50S","","","",106,"2019-05-15","Journal article","","","https://scholar.google.com/citations?view_op=view_citation&hl=en&user=Mt9YzaoAAAAJ&cstart=100&pagesize=100&citation_for_view=Mt9YzaoAAAAJ:738O_yMBCRsC",,,,,0,0.00,0,7,3
0,"ZB Fang, JB Edwards, LP Brewster, S Arya, Y Duwayri, RK Veeraswamy, ...","IP127. Vascular Surgeons Often Serve as Primary Dialysis Educators in Patients Referred for Arteriovenous Access Creation",2016,"Journal of Vascular Surgery 63 (6), 95S-96S","","","",107,"2019-05-15","Journal article","","","https://scholar.google.com/citations?view_op=view_citation&hl=en&user=Mt9YzaoAAAAJ&cstart=100&pagesize=100&citation_for_view=Mt9YzaoAAAAJ:WbkHhVStYXYC",,,,,0,0.00,0,7,3
0,"A Pokutta-Paskaleva, RL Gleason, LP Brewster","Comparison of Aging and Disturbed Flow Effects on Arterial Wall Biomechanics",2016,"Arteriosclerosis, Thrombosis, and Vascular Biology 36 (suppl_1), A515-A","","","",108,"2019-05-15","Journal article","","","https://scholar.google.com/citations?view_op=view_citation&hl=en&user=Mt9YzaoAAAAJ&cstart=100&pagesize=100&citation_for_view=Mt9YzaoAAAAJ:1qzjygNMrQYC",515,,,,0,0.00,0,3,3
0,"S Arya, A Khakharia, ZO Binney, RR Demartino, LP Brewster, ...","Statins Have a Dose-dependent Effect on Amputation Risk and Survival in Peripheral Arterial Disease (PAD) Patients",2016,"Arteriosclerosis, Thrombosis, and Vascular Biology 36 (suppl_1), A109-A","","","",109,"2019-05-15","Journal article","","","https://scholar.google.com/citations?view_op=view_citation&hl=en&user=Mt9YzaoAAAAJ&cstart=100&pagesize=100&citation_for_view=Mt9YzaoAAAAJ:kRWSkSYxWN8C",109,,,,0,0.00,0,6,3
0,"JM Ruddy, LP Brewster","Femoropopliteal Bypass, Reversed Vein",2015,"Atlas of Vascular & Endovascular Surgical Techniques","","","",110,"2019-05-15","Journal article","","","https://scholar.google.com/citations?view_op=view_citation&hl=en&user=Mt9YzaoAAAAJ&cstart=100&pagesize=100&citation_for_view=Mt9YzaoAAAAJ:dshw04ExmUIC",299,,,,0,0.00,0,2,4
0,"BJ Flink, T Chadid, CA Long, LP Brewster, Y Duwayri, RR Rajani, ...","Preoperative Antiplatelet and Statin Therapy Is Underused in Critical Limb Ischemia Patients and Lowers the Risk of Postoperative Amputation and Graft Failure",2015,"Journal of the American College of Surgeons 221 (4), S181-S","","","",111,"2019-05-15","Journal article","","","https://scholar.google.com/citations?view_op=view_citation&hl=en&user=Mt9YzaoAAAAJ&cstart=100&pagesize=100&citation_for_view=Mt9YzaoAAAAJ:abG-DnoFyZgC",182,,,,0,0.00,0,7,4
0,"AP Pokutta-Paskaleva, H Li, K Kuo, TS Chadid, RL Gleason, LP Brewster","Biomechanical and Microstructural Characterization of Partially Ligated Common Carotid Arteries from S129 Wild Type and Fibulin-5 Knockout Mice",2015,"TISSUE ENGINEERING PART A 21, S176-S","","","",112,"2019-05-15","Journal article","","","https://scholar.google.com/citations?view_op=view_citation&hl=en&user=Mt9YzaoAAAAJ&cstart=100&pagesize=100&citation_for_view=Mt9YzaoAAAAJ:xtRiw3GOFMkC",176,,,,0,0.00,0,6,4
0,"BJ Flink, CA Long, Y Duwayri, LP Brewster, R Veeraswamy, K Gallagher, ...","Women Undergoing Aortic Surgery Are at Higher Risk for Unplanned Readmissions Compared With Men, Especially When Discharged to Home",2015,"Journal of Vascular Surgery","","","",113,"2019-05-15","Journal article","","","https://scholar.google.com/citations?view_op=view_citation&hl=en&user=Mt9YzaoAAAAJ&cstart=100&pagesize=100&citation_for_view=Mt9YzaoAAAAJ:b0M2c_1WBrUC",62,3,824,825,0,0.00,0,7,4
0,"JB Edwards, ZB Fang, SM Shafii, S Arya, Y Duwayri, LP Brewster, ...","PC100. Insurance Status and Vascular Access for Hemodialysis",2015,"Journal of Vascular Surgery 61 (6), 144S","","","",114,"2019-05-15","Journal article","","","https://scholar.google.com/citations?view_op=view_citation&hl=en&user=Mt9YzaoAAAAJ&cstart=100&pagesize=100&citation_for_view=Mt9YzaoAAAAJ:_xSYboBqXhAC",,,,,0,0.00,0,7,4
0,"T Chadid, KM Kuo, H Li, I Copland, LP Brewster","Analysis of Platelet Lysate Hydrogel and Fibrinogen Gel Intramuscular Injection on Neo-Angiogenesis in Ischemic Limbs",2015,"Arteriosclerosis, Thrombosis, and Vascular Biology 35 (suppl_1), A193-A","","","",115,"2019-05-15","Journal article","","","https://scholar.google.com/citations?view_op=view_citation&hl=en&user=Mt9YzaoAAAAJ&cstart=100&pagesize=100&citation_for_view=Mt9YzaoAAAAJ:EUQCXRtRnyEC",193,,,,0,0.00,0,5,4
0,"S Arya, C Long, R Brahmbhatt, S Shafii, LP Brewster, R Veeraswamy, ...","23. Preoperative Frailty Increases Risk of Non-Home Discharge After Elective Vascular Surgery In Home-Dwelling Patients",2015,"Annals of Vascular Surgery","","","",116,"2019-05-15","Journal article","","","https://scholar.google.com/citations?view_op=view_citation&hl=en&user=Mt9YzaoAAAAJ&cstart=100&pagesize=100&citation_for_view=Mt9YzaoAAAAJ:BrmTIyaxlBUC",4,29,632,632,0,0.00,0,7,4
0,"P Pooyan, L Brewster, R Tannenbaum, H Garmestani","Design and Integration of a Nanohybrid Functional Biomaterial with Enhanced Mechanical and Thermal Properties",2015,"Integrated Systems: Innovations and Applications","","","",117,"2019-05-15","Book chapter","","","https://scholar.google.com/citations?view_op=view_citation&hl=en&user=Mt9YzaoAAAAJ&cstart=100&pagesize=100&citation_for_view=Mt9YzaoAAAAJ:yD5IFk8b50cC",,,55,67,0,0.00,0,4,4
0,"CT Holley, CM Duffy, TA Butterick, EK Long, ME Lindsey, JA Cabrera, ...","Preoperative Impairment is Associated with a Higher Postdischarge Level of Care. Colin C. Ehlenbach, Sarah E. Tevis, Gregory D. Kennedy, and Sarah C. Oltmann............ 1 The …",2015,"Journal of Surgical Research","","","",118,"2019-05-15","Journal article","","","https://scholar.google.com/citations?view_op=view_citation&hl=en&user=Mt9YzaoAAAAJ&cstart=100&pagesize=100&citation_for_view=Mt9YzaoAAAAJ:dfsIfKJdRG4C",193,1,,,0,0.00,0,7,4
0,"L Brewster, S Robinson, A Douglas, I Copland, T Barker","Enhanced Fibrin Gel for Cellular Therapy",2014,"TISSUE ENGINEERING PART A 20, S131-S","","","",119,"2019-05-15","Journal article","","","https://scholar.google.com/citations?view_op=view_citation&hl=en&user=Mt9YzaoAAAAJ&cstart=100&pagesize=100&citation_for_view=Mt9YzaoAAAAJ:rO6llkc54NcC",131,,,,0,0.00,0,5,5
0,"KN Islam, DJ Polhemus, H Otsuka, S Bhushan, JM Bradley, LP Brewster, ...","P6 Oxidative stress suppresses expression of cystathionine beta-synthase (CBS), cystathionine gamma-lyase (CSE), and 3-mercaptopyruvate sulfurtransferase (3-MST) in critical …",2014,"Nitric Oxide 39, S17-S","","","",120,"2019-05-15","Journal article","","","https://scholar.google.com/citations?view_op=view_citation&hl=en&user=Mt9YzaoAAAAJ&cstart=100&pagesize=100&citation_for_view=Mt9YzaoAAAAJ:RYcK_YlVTxYC",18,,,,0,0.00,0,7,5
0,"L Brewster, S Robinson, S Griffiths, A Rajabalan, R Wang, H Li, A Peister, ...","Abstract 48",2014,"Arteriosclerosis, Thrombosis, and Vascular Biology 34 (Suppl_1)","","","",121,"2019-05-15","","","","https://scholar.google.com/citations?view_op=view_citation&hl=en&user=Mt9YzaoAAAAJ&cstart=100&pagesize=100&citation_for_view=Mt9YzaoAAAAJ:kzcrU_BdoSEC",,,,,0,0.00,0,8,5
0,"JM Ruddy, D Tanner, K Bernhard, LP Brewster, DN Ku","Stent-Supported Prosthetic Vein Valve",2014,"Arteriosclerosis, Thrombosis, and Vascular Biology 34 (suppl_1), A136-A","","","",122,"2019-05-15","Journal article","","","https://scholar.google.com/citations?view_op=view_citation&hl=en&user=Mt9YzaoAAAAJ&cstart=100&pagesize=100&citation_for_view=Mt9YzaoAAAAJ:3s1wT3WcHBgC",136,,,,0,0.00,0,5,5
0,"L Brewster, S Robinson, S Griffiths, A Rajabalan, R Wang, H Li, A Peister, ...","Successful Rejuvenation of Mesenchymal Stem Cells From Amputated Limbs of Vascular Patients for Therapeutic Applications",2014,"Arteriosclerosis, Thrombosis, and Vascular Biology 34 (suppl_1), A48-A","","","",123,"2019-05-15","Journal article","","","https://scholar.google.com/citations?view_op=view_citation&hl=en&user=Mt9YzaoAAAAJ&cstart=100&pagesize=100&citation_for_view=Mt9YzaoAAAAJ:SeFeTyx0c_EC",48,,,,0,0.00,0,8,5
0,"BM Martin, TP Love, J Srinivasan, J Sharma, B Pettitt, C Sullivan, ...","Feeding Jejunostomy During Whipple is Associated with Increased Morbidity. James C. Padussis, Sabino Zani, Dan G. Blazer, Douglas S. Tyler, Theodore N. Pappas, and John E …",2014,"Journal of Surgical Research","","","",124,"2019-05-15","Journal article","","","https://scholar.google.com/citations?view_op=view_citation&hl=en&user=Mt9YzaoAAAAJ&cstart=100&pagesize=100&citation_for_view=Mt9YzaoAAAAJ:cFHS6HbyZ2cC",187,2,,,0,0.00,0,7,5
0,"J Bradley, T Goodchild, C Chang, D Polhemus, H Otsuka, M Sweet, ...","Effects of a novel sustained release sodium nitrite formulation on critical limb ischemia in the setting of metabolic syndrome (698.3)",2014,"The FASEB Journal 28 (1_supplement), 698.","","","",125,"2019-05-15","Journal article","","","https://scholar.google.com/citations?view_op=view_citation&hl=en&user=Mt9YzaoAAAAJ&cstart=100&pagesize=100&citation_for_view=Mt9YzaoAAAAJ:NaGl4SEjCO4C",3,,,,0,0.00,0,7,5
0,"P Pooyan, LP Brewster, R Tannenbaum, H Garmestani","Biomimetic engineering of a fully bio-based system in nanomedicine",2014,"2nd Middle East Conference on Biomedical Engineering","","","",126,"2019-05-15","Conference paper","","","https://scholar.google.com/citations?view_op=view_citation&hl=en&user=Mt9YzaoAAAAJ&cstart=100&pagesize=100&citation_for_view=Mt9YzaoAAAAJ:RGFaLdJalmkC",,,375,378,0,0.00,0,4,5
0,"LP Brewster, DS Itum, JG Reeves, Y Duwaryi, R Rajani, R Veeraswamy, ...","Defining Ultrasound Criteria for Significant Ipsilateral Carotid Stenosis in Patients with Contralateral Carotid Artery Occlusion",2014,"Journal of Surgical Research","","","",127,"2019-05-15","Journal article","","","https://scholar.google.com/citations?view_op=view_citation&hl=en&user=Mt9YzaoAAAAJ&cstart=100&pagesize=100&citation_for_view=Mt9YzaoAAAAJ:YFjsv_pBGBYC",186,2,513,513,0,0.00,0,7,5
0,"D Polhemus, T Goodchild, DJ Lefer, LP Brewster","Diabetes Promotes Tissue Nitric Oxide (NO) Insufficiency in Critical Limb Ischemia Patients",2013,"Circulation 128 (suppl_22), A18084-A","","","",128,"2019-05-15","Journal article","","","https://scholar.google.com/citations?view_op=view_citation&hl=en&user=Mt9YzaoAAAAJ&cstart=100&pagesize=100&citation_for_view=Mt9YzaoAAAAJ:J_g5lzvAfSwC",18084,,,,0,0.00,0,4,6
0,"R Wang, LP Brewster","Gut to artery to ureter—robbing Peter to pay Paul",2013,"Journal of Surgical Research","","","",129,"2019-05-15","Journal article","","","https://scholar.google.com/citations?view_op=view_citation&hl=en&user=Mt9YzaoAAAAJ&cstart=100&pagesize=100&citation_for_view=Mt9YzaoAAAAJ:ZeXyd9-uunAC",183,1,102,103,0,0.00,0,2,6
0,"T Wang, L Green, S Gupta, M Clauss","Transfer of Intracellular HIV-Nef to Endothelium Causes MCP-1 Release and Induction of Apoptosis",2013,"Arteriosclerosis, Thrombosis, and Vascular Biology 33 (suppl_1), A201-A","","","",130,"2019-05-15","Journal article","","","https://scholar.google.com/citations?view_op=view_citation&hl=en&user=Mt9YzaoAAAAJ&cstart=100&pagesize=100&citation_for_view=Mt9YzaoAAAAJ:08ZZubdj9fEC",201,,,,0,0.00,0,4,6
0,"R Wang, I Copland, H Li, A Peister, T McDevitt, L Brewster","Bone Marrow-Derived Mesenchymal Stem Cells from Amputated Limbs of Patients with Critical Limb Ischemia Provide Stromal Support for Endothelial Cells",2013,"Arteriosclerosis, Thrombosis, and Vascular Biology 33 (suppl_1), A231-A","","","",131,"2019-05-15","Journal article","","","https://scholar.google.com/citations?view_op=view_citation&hl=en&user=Mt9YzaoAAAAJ&cstart=100&pagesize=100&citation_for_view=Mt9YzaoAAAAJ:XiSMed-E-HIC",231,,,,0,0.00,0,6,6
0,"LP Brewster, L Hansen, C Kim, W Wan, H Yanagisawa, H Jo, RL Gleason","Restrictive remodeling in response to disturbed flow in stiffened carotid arteries is related to elastin dysfunction in fibulin V knockout mice",2013,"Cardiovascular Pathology","","","",132,"2019-05-15","Journal article","","","https://scholar.google.com/citations?view_op=view_citation&hl=en&user=Mt9YzaoAAAAJ&cstart=100&pagesize=100&citation_for_view=Mt9YzaoAAAAJ:j3f4tGmQtD8C",22,3,49,,0,0.00,0,7,6
0,"J Ruddy, B Leshnower, P Reisenman, J Reeves, L Brewster, Y Duwayri, ...","Stent Graft Placement for Aneurysmal Degeneration After Long-Term Medical Therapy for Type B Aortic Dissection Results in Volumetric Gain of the True Lumen and False Lumen …",2013,"Journal of Vascular Surgery","","","",133,"2019-05-15","Journal article","","","https://scholar.google.com/citations?view_op=view_citation&hl=en&user=Mt9YzaoAAAAJ&cstart=100&pagesize=100&citation_for_view=Mt9YzaoAAAAJ:4JMBOYKVnBMC",57,5,,,0,0.00,0,7,6
0,"R Allen, LP Brewster","Gender Differences at the Cellular Level",2013,"Journal of Surgical Research","","","",134,"2019-05-15","Journal article","","","https://scholar.google.com/citations?view_op=view_citation&hl=en&user=Mt9YzaoAAAAJ&cstart=100&pagesize=100&citation_for_view=Mt9YzaoAAAAJ:MXK_kJrjxJIC",180,1,45,46,0,0.00,0,2,6
0,"B Martin, T Love, J Srinivasan, J Sharma, J Pattaras, B Pettitt, C Sullivan, ...","Designing an Ethics Curriculum to Support Student Volunteerism in Global Surgery",2013,"Journal of Surgical Research","","","",135,"2019-05-15","Journal article","","","https://scholar.google.com/citations?view_op=view_citation&hl=en&user=Mt9YzaoAAAAJ&cstart=100&pagesize=100&citation_for_view=Mt9YzaoAAAAJ:e5wmG9Sq2KIC",179,2,339,339,0,0.00,0,8,6
0,"L Brewster","Mesenchymal Stem Cell Angiogenic Capacity in Amputated Limbs",2012,"Georgia Institute of Technology","","","",136,"2019-05-15","","","","https://scholar.google.com/citations?view_op=view_citation&hl=en&user=Mt9YzaoAAAAJ&cstart=100&pagesize=100&citation_for_view=Mt9YzaoAAAAJ:4OULZ7Gr8RgC",,,,,0,0.00,0,1,7
0,"S Patel, R Gilmore, Y Duwayri, R Rajani, J Reeves, L Brewster, T Dodson, ...","Stress Tests Are Overutilized in the Preoperative Evaluation of Endovascular Aneurysm Repair",2012,"Journal of Vascular Surgery","","","",137,"2019-05-15","Journal article","","","https://scholar.google.com/citations?view_op=view_citation&hl=en&user=Mt9YzaoAAAAJ&cstart=100&pagesize=100&citation_for_view=Mt9YzaoAAAAJ:TQgYirikUcIC",56,6,1816,1816,0,0.00,0,8,7
0,"CB Ross, LP Brewster","Contralateral occlusion is not a clinically important reason for choosing carotid artery stenting for patients with significant carotid artery stenosis DISCUSSION",2012,"JOURNAL OF VASCULAR SURGERY","","","",138,"2019-05-15","Journal article","","","https://scholar.google.com/citations?view_op=view_citation&hl=en&user=Mt9YzaoAAAAJ&cstart=100&pagesize=100&citation_for_view=Mt9YzaoAAAAJ:JQOojiI6XY0C",56,5,1294,1295,0,0.00,0,2,7
0,"R Wang, RL Gleason, L Brewster","Diameter Constriction Reduces Intramural Circumferential Stress Gradient in the Vein Under Arterial Pressures",2012,"ASME 2012 Summer Bioengineering Conference","","","",139,"2019-05-15","Conference paper","","","https://scholar.google.com/citations?view_op=view_citation&hl=en&user=Mt9YzaoAAAAJ&cstart=100&pagesize=100&citation_for_view=Mt9YzaoAAAAJ:BqipwSGYUEgC",,,1335,1336,0,0.00,0,3,7
0,"D Gupta, M Piccinelli, T Passerini, A Veneziani, L Brewster, SR Laskar, ...","105 Alterations in Flow and Shear Stress in the Thoracic Aorta with a Continuous-Flow Left Ventricular Assist Device",2012,"The Journal of Heart and Lung Transplantation 31 (4), S","","","",140,"2019-05-15","Journal article","","","https://scholar.google.com/citations?view_op=view_citation&hl=en&user=Mt9YzaoAAAAJ&cstart=100&pagesize=100&citation_for_view=Mt9YzaoAAAAJ:KxtntwgDAa4C",44,,,,0,0.00,0,7,7
0,"R Wang, RL Gleason, LP Brewster","Quantifying differences in local wall stress between carotid and femoral arteries",2012,"The FASEB Journal 26 (1_supplement), 656.9-656.","","","",141,"2019-05-15","Journal article","","","https://scholar.google.com/citations?view_op=view_citation&hl=en&user=Mt9YzaoAAAAJ&cstart=100&pagesize=100&citation_for_view=Mt9YzaoAAAAJ:iH-uZ7U-co4C",9,,,,0,0.00,0,3,7
0,"KA Illig, E Kalata, A Reed, C Glass, DL Gillespie, NR Barshes, J McPhee, ...","Volume 26 Number 1 January 2012",2012,"","","","",142,"2019-05-15","","","","https://scholar.google.com/citations?view_op=view_citation&hl=en&user=Mt9YzaoAAAAJ&cstart=100&pagesize=100&citation_for_view=Mt9YzaoAAAAJ:fPk4N6BV_jEC",,,,,0,0.00,0,8,7
0,"I Belyansky, TR Martin, AS Prabhu, VB Tsirline, LD Howley, R Phillips, ...","DITPA, A Thyroid Hormone Analog, Reduces Infarct Size and Attenuates the Inflammatory Response Following Myocardial Ischemia. Abdelrahman A. Abohashem-Aly, Xianzhong Meng …",2011,"Journal of Surgical Research","","","",143,"2019-05-15","Journal article","","","https://scholar.google.com/citations?view_op=view_citation&hl=en&user=Mt9YzaoAAAAJ&cstart=100&pagesize=100&citation_for_view=Mt9YzaoAAAAJ:maZDTaKrznsC",171,2,,,0,0.00,0,7,8
0,"LP Brewster, DE Hall, RJ Joehl","EthxWeb Search Results",2011,"Nursing ethics","","","",144,"2019-05-15","Journal article","","","https://scholar.google.com/citations?view_op=view_citation&hl=en&user=Mt9YzaoAAAAJ&cstart=100&pagesize=100&citation_for_view=Mt9YzaoAAAAJ:mvPsJ3kp5DgC",5,710,24,24,0,0.00,0,3,8
0,"LP Brewster, K Kasirajan","Traitement endovasculaire des anévrysmes de l’aorte thoracique: ce que nous savons, ce qu’il faut attendre",2011,"Annales de Chirurgie Vasculaire","","","",145,"2019-05-15","Journal article","","","https://scholar.google.com/citations?view_op=view_citation&hl=en&user=Mt9YzaoAAAAJ&cstart=100&pagesize=100&citation_for_view=Mt9YzaoAAAAJ:HDshCWvjkbEC",25,6,914,923,0,0.00,0,2,8
0,"LP Brewster, EL Chaikof, JM Sarmiento","resection Of A Symptomatic Portal Vein Aneurysm In A Patient With Prior Gastric Bypass",2011,"The Official Journal of The International Hepato Pancreato Biliary …","","","",146,"2019-05-15","Journal article","","","https://scholar.google.com/citations?view_op=view_citation&hl=en&user=Mt9YzaoAAAAJ&cstart=100&pagesize=100&citation_for_view=Mt9YzaoAAAAJ:eflP2zaiRacC",,,,,0,0.00,0,3,8
0,"LP Brewster, RJ Joehl","Surgical Ethics: We Do It A Lot We Only Know A Little--an Assessment Of General Surgery Residents",2011,"Journal of Surgical Research","","","",147,"2019-05-15","Journal article","","","https://scholar.google.com/citations?view_op=view_citation&hl=en&user=Mt9YzaoAAAAJ&cstart=100&pagesize=100&citation_for_view=Mt9YzaoAAAAJ:YOwf2qJgpHMC",165,2,279,279,0,0.00,0,2,8
0,"LP Brewster, J Palmatiere, JT Manley, JJ Brems","Patient Limitations On Surrogate Decision-Making Regarding Liver Transplantation For Fulminant Hepatic Failure",2011,"Journal of Surgical Research","","","",148,"2019-05-15","Journal article","","","https://scholar.google.com/citations?view_op=view_citation&hl=en&user=Mt9YzaoAAAAJ&cstart=100&pagesize=100&citation_for_view=Mt9YzaoAAAAJ:Zph67rFs4hoC",165,2,172,172,0,0.00,0,4,8
0,"R Berguer, FHW Jonker, HJM Verhagen, RH Heijmen, PH Lin, ...","Volume 25 Number 1 January 2011",2011,"","","","",149,"2019-05-15","","","","https://scholar.google.com/citations?view_op=view_citation&hl=en&user=Mt9YzaoAAAAJ&cstart=100&pagesize=100&citation_for_view=Mt9YzaoAAAAJ:eq2jaN3J8jMC",,,,,0,0.00,0,6,8
0,"R Beaulieu, LP Brewster, A Salam, R Veeraswamy, TF Dodson, ...","Carotid Revascularization Outcomes Comparing Distal Filters, Flow Reversal, and Endarterectomy",2010,"Journal of Vascular Surgery","","","",150,"2019-05-15","Journal article","","","https://scholar.google.com/citations?view_op=view_citation&hl=en&user=Mt9YzaoAAAAJ&cstart=100&pagesize=100&citation_for_view=Mt9YzaoAAAAJ:Se3iqnhoufwC",52,6,1732,1733,0,0.00,0,6,9
0,"LP Brewster, AT East, Y Pang, AA Gassman, HP Greisler","Characterization of the chemotactic and mitogenic response of SMCs to PDGF-BB and FGF-2 in fibrin hydrogels",2010,"","Wiley Subscription Services, Inc., A Wiley Company","","",151,"2019-05-15","Book","","","https://scholar.google.com/citations?view_op=view_citation&hl=en&user=Mt9YzaoAAAAJ&cstart=100&pagesize=100&citation_for_view=Mt9YzaoAAAAJ:UHK10RUVsp4C",,,,,0,0.00,0,5,9
0,"LP Brewster, AU Ucuzian, AM Samarel, HP Greisler","Focal Adhesion Kinase-Related Nonkinase Limits Vascular Smooth Muscle Cell Invasiveness into Fibrin Hydrogels in Vitro in Both Proliferation-Dependent and Independent Manners",2009,"ARTERIOSCLEROSIS THROMBOSIS AND VASCULAR BIOLOGY 29 (7), E77-","","","",152,"2019-05-15","Book chapter","","","https://scholar.google.com/citations?view_op=view_citation&hl=en&user=Mt9YzaoAAAAJ&cstart=100&pagesize=100&citation_for_view=Mt9YzaoAAAAJ:TFP_iSt0sucC",,,77,,0,0.00,0,4,10
0,"LP Brewster, HP Greisler","Abstract of"" Good Rum, Good Captain, Good Ship− How the Consent for Biomedical Devices and Implants can be Transformed from an Event to a Process by the Surgeon Scientist""",2008,"Journal of Long-Term Effects of Medical Implants","","","",153,"2019-05-15","Journal article","","","https://scholar.google.com/citations?view_op=view_citation&hl=en&user=Mt9YzaoAAAAJ&cstart=100&pagesize=100&citation_for_view=Mt9YzaoAAAAJ:olpn-zPbct0C",18,1,,,0,0.00,0,2,11
0,"LP Brewster, HP Greisler","Good Rum, Good Captain, Good Ship--How the Consent for Biomedical Devices and Implants Can Be Transformed From an Event to a Process by the Surgeon Scientist",2008,"Journal of long-term effects of medical implants","","","",154,"2019-05-15","Journal article","","","https://scholar.google.com/citations?view_op=view_citation&hl=en&user=Mt9YzaoAAAAJ&cstart=100&pagesize=100&citation_for_view=Mt9YzaoAAAAJ:0EnyYjriUFMC",18,1,51,51,0,0.00,0,2,11
0,"LP Brewster, EM Brey, D Buffalino, HP Greisler","Sustained angiogenic activity of thrombin-resistant mutants of FGF-1 on human endothelial cells in fibrin hydrogel",2007,"ARTERIOSCLEROSIS THROMBOSIS AND VASCULAR BIOLOGY 27 (6), E38-","","","",155,"2019-05-15","Book chapter","","","https://scholar.google.com/citations?view_op=view_citation&hl=en&user=Mt9YzaoAAAAJ&cstart=100&pagesize=100&citation_for_view=Mt9YzaoAAAAJ:k_IJM867U9cC",,,38,,0,0.00,0,4,12
0,"LP Brewster, HP Greisler","P292: FGF-1 activation of ERK signaling is a heparin independent event for human umbilical vein endothelial cells",2007,"Journal of Surgical Research","","","",156,"2019-05-15","Journal article","","","https://scholar.google.com/citations?view_op=view_citation&hl=en&user=Mt9YzaoAAAAJ&cstart=100&pagesize=100&citation_for_view=Mt9YzaoAAAAJ:dhFuZR0502QC",137,2,347,347,0,0.00,0,2,12
0,"L Brewster, E Brey, M Liwanag, E Szotek, A Samarel, H Greisler, E Hines, ...","Focal Adhesion Kinase-Related Non-Kinase Limits Vascular Smooth Muscle Invasion of a Three-Dimensional Matrix in the Presence of Endothelial Cells",2006,"Arteriosclerosis, Thrombosis, and Vascular Biology","","","",157,"2019-05-15","Journal article","","","https://scholar.google.com/citations?view_op=view_citation&hl=en&user=Mt9YzaoAAAAJ&cstart=100&pagesize=100&citation_for_view=Mt9YzaoAAAAJ:isC4tDSrTZIC",26,5,,,0,0.00,0,8,13
0,"LP Brewster, EL Szotek, AM Samarel, HP Greisler","Focal adhesion kinase (FAK)-related non-kinase (FRNK) disrupts FAK signaling in vascular smooth muscle cells (VSMC)",2006,"Journal of Surgical Research","","","",158,"2019-05-15","Journal article","","","https://scholar.google.com/citations?view_op=view_citation&hl=en&user=Mt9YzaoAAAAJ&cstart=100&pagesize=100&citation_for_view=Mt9YzaoAAAAJ:qxL8FJ1GzNcC",130,2,235,236,0,0.00,0,4,13
0,"LP Brewster, EM Brey, M Liwanag, ES Szotek, AM Samarel, HP Greisler","Tu-P7: 258 Inhibition of focal adhesion kinase signaling reduces the depth of matrix invasion by vascular smooth muscle cells in a novel 3-D co-culture assay",2006,"Atherosclerosis Supplements","","","",159,"2019-05-15","Journal article","","","https://scholar.google.com/citations?view_op=view_citation&hl=en&user=Mt9YzaoAAAAJ&cstart=100&pagesize=100&citation_for_view=Mt9YzaoAAAAJ:3fE2CSJIrl8C",7,3,241,241,0,0.00,0,6,13
0,"LP Brewster, E Brey, M Addis, L Xue, A Tassiopoulos, J Ellinger, V Husak, ...","Fibrin glue delivery of a FGF-1 mutant chimeric protein increases re-endothelialization in vivo without increasing myointimal hyperplasia after angioplasty injury",2005,"Journal of the American College of Surgeons 201 (3), S99-S","","","",160,"2019-05-15","Journal article","","","https://scholar.google.com/citations?view_op=view_citation&hl=en&user=Mt9YzaoAAAAJ&cstart=100&pagesize=100&citation_for_view=Mt9YzaoAAAAJ:QIV2ME_5wuYC",100,,,,0,0.00,0,8,14
0,"LP Brewster","Some Ethical Concerns about Placebo Operations",2004,"AMA Journal of Ethics","","","",161,"2019-05-15","Journal article","","","https://scholar.google.com/citations?view_op=view_citation&hl=en&user=Mt9YzaoAAAAJ&cstart=100&pagesize=100&citation_for_view=Mt9YzaoAAAAJ:8k81kl-MbHgC",6,10,443,445,0,0.00,0,1,15
0,"LP Brewster, E Brey, E Maddox, WH Burgess, HP Greisler","A novel fibroblast growth factor 1 (FGF-1) mutant-collagen binding domain (CBD) fusion protein",2004,"Journal of the American College of Surgeons","","","",162,"2019-05-15","Journal article","","","https://scholar.google.com/citations?view_op=view_citation&hl=en&user=Mt9YzaoAAAAJ&cstart=100&pagesize=100&citation_for_view=Mt9YzaoAAAAJ:KlAtU1dfN6UC",199,3,108,109,0,0.00,0,5,15
0,"LP Brewster","Ethics Journal of the American Medical Association October 2004, Volume 6, Number 10",2004,"","","","",163,"2019-05-15","","","","https://scholar.google.com/citations?view_op=view_citation&hl=en&user=Mt9YzaoAAAAJ&cstart=100&pagesize=100&citation_for_view=Mt9YzaoAAAAJ:_kc_bZDykSQC",,,,,0,0.00,0,1,15
0,"MA Abbas, RJ Fowl, WM Stone, JM Panneton, WA Oldenburg, TC Bower, ...","Index to Volume 38",2003,"changes","","","",164,"2019-05-15","Journal article","","","https://scholar.google.com/citations?view_op=view_citation&hl=en&user=Mt9YzaoAAAAJ&cstart=100&pagesize=100&citation_for_view=Mt9YzaoAAAAJ:tOudhMTPpwUC",38,,868,868,0,0.00,0,7,16
0,"S Agarwal, D Agnese, N Ajkay, WB Al-Refaie, RJ Anand, JE Anderson, ...","Message from the Editor: Gratitude for 2018",,"","","","",165,"2019-05-15","","","","https://scholar.google.com/citations?view_op=view_citation&hl=en&user=Mt9YzaoAAAAJ&cstart=100&pagesize=100&citation_for_view=Mt9YzaoAAAAJ:hkOj_22Ku90C",,,,,0,0.00,0,7,
0,"L Brewster","Dr Aiello. Absolutely. Dr Soundararajan. The other pertinent factor in your data analysis would be history of smoking. Were you able to find out the proportion of smoking …",,"","","","",166,"2019-05-15","","","","https://scholar.google.com/citations?view_op=view_citation&hl=en&user=Mt9YzaoAAAAJ&cstart=100&pagesize=100&citation_for_view=Mt9YzaoAAAAJ:M3NEmzRMIkIC",,,,,0,0.00,0,1,
0,"L Brewster, C Glass, RR De Martino, H Hall, AK Kauvar, P Kreishman, ...","The Formal Response of Vascular Surgery Trainees to ACGME Recommendations",,"Submitted to ACGME. Epublished at: http://www. vascularweb","org/about …,","","",167,"2019-05-15","","","","https://scholar.google.com/citations?view_op=view_citation&hl=en&user=Mt9YzaoAAAAJ&cstart=100&pagesize=100&citation_for_view=Mt9YzaoAAAAJ:roLk4NBRz8UC",,,,,0,0.00,0,7,
